label_name,bbox_x,bbox_y,bbox_width,bbox_height,image_name,image_width,image_height
face,751,479,965,1420,face_0.png,2316,3088
face,528,347,1285,1803,face_1.png,2316,3088
face,468,351,1456,2087,face_10.png,2316,3088
face,947,662,1369,2047,face_100.png,2316,3088
face,903,1151,813,1057,face_1000.png,3024,4032
face,137,1052,1084,1287,face_1001.png,3024,4032
face,1199,672,1500,1485,face_1002.png,3024,4032
face,929,854,948,1063,face_1003.png,3024,4032
face,1168,922,886,880,face_1004.png,3024,4032
face,458,678,1317,1640,face_1005.png,2320,3088
face,785,1289,742,1069,face_1006.png,2320,3088
face,589,997,985,1241,face_1007.png,2320,3088
face,861,1146,1084,1172,face_1008.png,3024,4032
face,1554,948,636,797,face_1009.png,3024,4032
face,739,630,1372,2023,face_101.png,2316,3088
face,892,1016,943,1297,face_1010.png,3024,4032
face,1377,1063,516,682,face_1011.png,3024,4032
face,1397,1167,484,714,face_1012.png,3024,4032
face,1679,1500,943,1740,face_1013.png,3024,4032
face,1158,1422,443,547,face_1014.png,3024,4032
face,1142,1245,787,1110,face_1015.png,3024,4032
face,1028,1281,500,875,face_1016.png,3024,4032
face,1491,1417,537,745,face_1017.png,3024,4032
face,1059,1245,698,969,face_1018.png,3024,4032
face,1043,1266,922,1240,face_1019.png,3024,4032
face,859,694,1345,1931,face_102.png,2316,3088
face,1361,1120,469,771,face_1020.png,3024,4032
face,1196,477,818,1130,face_1021.png,3088,2320
face,1124,375,794,1112,face_1022.png,3088,2320
face,1136,357,794,1073,face_1023.png,3088,2320
face,944,1474,646,823,face_1024.png,3024,4032
face,1205,1521,807,953,face_1025.png,3024,4032
face,1012,1073,1104,1375,face_1026.png,3024,4032
face,1074,1052,906,1172,face_1027.png,3024,4032
face,1403,1360,792,974,face_1028.png,3024,4032
face,1418,1089,1078,1459,face_1029.png,3024,4032
face,480,559,1424,2027,face_103.png,2316,3088
face,633,396,803,1367,face_1030.png,3088,2320
face,1055,423,767,1445,face_1031.png,3088,2320
face,1319,1448,604,828,face_1032.png,3024,4032
face,1288,1203,583,886,face_1033.png,3024,4032
face,1111,995,1089,1183,face_1034.png,3024,4032
face,955,865,703,1057,face_1035.png,3024,4032
face,1236,1193,583,990,face_1036.png,3024,4032
face,798,1167,797,927,face_1037.png,3024,4032
face,1116,1052,662,865,face_1038.png,3024,4032
face,1127,1162,521,886,face_1039.png,3024,4032
face,444,493,1084,1737,face_104.png,2448,3264
face,1189,1396,672,844,face_1040.png,3024,4032
face,705,499,838,1325,face_1041.png,2320,3088
face,797,814,838,1356,face_1042.png,2320,3088
face,689,443,874,1376,face_1043.png,2320,3088
face,721,543,842,1301,face_1044.png,2320,3088
face,1502,1490,636,901,face_1045.png,3024,4032
face,1491,1328,698,943,face_1046.png,3024,4032
face,1434,1193,656,807,face_1047.png,3024,4032
face,1173,1209,521,667,face_1048.png,3024,4032
face,1189,1156,401,656,face_1049.png,3024,4032
face,794,936,869,1320,face_105.png,2448,3264
face,1085,1547,636,833,face_1050.png,3024,4032
face,1184,1209,891,1057,face_1051.png,3024,4032
face,1465,1334,844,1084,face_1052.png,3024,4032
face,1351,1422,615,865,face_1053.png,3024,4032
face,1220,1375,781,1000,face_1054.png,3024,4032
face,1293,1438,620,1078,face_1055.png,3024,4032
face,1262,1146,479,865,face_1056.png,3024,4032
face,793,263,1117,1552,face_1057.png,2320,3088
face,981,1281,620,927,face_1058.png,3024,4032
face,1106,776,443,594,face_1059.png,3024,4032
face,773,915,907,1451,face_106.png,2448,3264
face,694,1552,708,781,face_1060.png,3024,4032
face,1262,578,511,646,face_1061.png,3024,4032
face,1064,1375,682,917,face_1062.png,3024,4032
face,1298,1026,797,948,face_1063.png,3024,4032
face,1460,1250,677,1000,face_1064.png,3024,4032
face,1074,380,1391,1615,face_1065.png,3024,4032
face,1111,860,901,1183,face_1066.png,3024,4032
face,470,511,1540,1879,face_1067.png,2320,3088
face,554,435,1600,1803,face_1068.png,2320,3088
face,506,343,1464,1879,face_1069.png,2320,3088
face,545,624,1067,1611,face_107.png,2448,3264
face,897,922,1162,1354,face_1070.png,3024,4032
face,913,833,948,1068,face_1071.png,3024,4032
face,1017,1224,922,1000,face_1072.png,3024,4032
face,918,1146,714,714,face_1073.png,3024,4032
face,975,1104,761,839,face_1074.png,3024,4032
face,470,818,1276,1464,face_1075.png,3024,4032
face,975,688,1292,1750,face_1076.png,3024,4032
face,1158,1120,792,938,face_1077.png,3024,4032
face,1069,1209,906,1235,face_1078.png,3024,4032
face,693,483,930,1564,face_1079.png,2320,3088
face,693,671,945,1497,face_108.png,2448,3264
face,737,658,954,1400,face_1080.png,2320,3088
face,709,531,1021,1416,face_1081.png,2320,3088
face,970,1318,552,985,face_1082.png,3024,4032
face,1116,1532,469,636,face_1083.png,3024,4032
face,991,1229,557,745,face_1084.png,3024,4032
face,731,1479,1063,1479,face_1085.png,3024,4032
face,1246,599,287,391,face_1086.png,3024,4032
face,1199,1505,599,651,face_1087.png,3024,4032
face,856,1433,1005,1203,face_1088.png,3024,4032
face,1465,1047,677,1141,face_1089.png,3024,4032
face,693,1092,924,1324,face_109.png,2448,3264
face,569,1193,568,1099,face_1090.png,3024,4032
face,835,1558,880,1276,face_1091.png,3024,4032
face,1288,1526,646,771,face_1092.png,3024,4032
face,1309,1068,792,1214,face_1093.png,3024,4032
face,992,1217,834,1057,face_1094.png,2320,3088
face,833,870,965,1069,face_1095.png,2320,3088
face,801,1117,958,1137,face_1096.png,2320,3088
face,1038,1485,646,787,face_1097.png,3024,4032
face,1215,1433,656,698,face_1098.png,3024,4032
face,1522,1349,552,938,face_1099.png,3024,4032
face,607,630,1181,1536,face_11.png,2316,3088
face,672,1096,877,1189,face_110.png,2448,3264
face,1163,1224,766,844,face_1100.png,3024,4032
face,1231,1203,370,443,face_1101.png,3024,4032
face,960,1224,448,667,face_1102.png,3024,4032
face,1007,995,833,1209,face_1103.png,3024,4032
face,897,1542,886,1183,face_1104.png,3024,4032
face,913,1391,922,1308,face_1105.png,3024,4032
face,849,670,806,1085,face_1106.png,2320,3088
face,873,690,822,1229,face_1107.png,2320,3088
face,893,778,830,1193,face_1108.png,2320,3088
face,845,638,882,1305,face_1109.png,2320,3088
face,756,1134,915,1358,face_111.png,2448,3264
face,881,710,822,1185,face_1110.png,2320,3088
face,1517,1146,469,906,face_1111.png,3024,4032
face,913,1141,943,1516,face_1112.png,3024,4032
face,1340,1386,526,656,face_1113.png,3024,4032
face,1059,1375,839,1099,face_1114.png,3024,4032
face,1324,1115,537,755,face_1115.png,3024,4032
face,1502,1052,469,802,face_1116.png,3024,4032
face,1257,1136,761,969,face_1117.png,3024,4032
face,1324,1021,521,771,face_1118.png,3024,4032
face,1059,813,698,1130,face_1119.png,3024,4032
face,823,1164,793,1113,face_112.png,2448,3264
face,1127,771,625,932,face_1120.png,3024,4032
face,1132,1422,656,943,face_1121.png,3024,4032
face,821,910,858,1325,face_1122.png,2320,3088
face,809,1237,770,1049,face_1123.png,2320,3088
face,1481,1203,516,792,face_1124.png,3024,4032
face,1434,1308,620,896,face_1125.png,3024,4032
face,1059,1558,563,792,face_1126.png,3024,4032
face,1095,906,516,724,face_1127.png,3024,4032
face,1392,1167,422,677,face_1128.png,3024,4032
face,1439,787,719,1120,face_1129.png,3024,4032
face,747,1265,848,1269,face_113.png,2448,3264
face,929,886,604,860,face_1130.png,3024,4032
face,824,1037,828,1365,face_1131.png,3024,4032
face,1340,656,792,1110,face_1132.png,3024,4032
face,1085,1250,708,985,face_1133.png,3024,4032
face,841,770,1073,1556,face_1134.png,2320,3088
face,1356,1229,604,1016,face_1135.png,3024,4032
face,1033,1156,615,979,face_1136.png,3024,4032
face,1137,1281,620,896,face_1137.png,3024,4032
face,934,1193,662,922,face_1138.png,3024,4032
face,1324,1266,604,807,face_1139.png,3024,4032
face,629,936,877,1274,face_114.png,2448,3264
face,1298,1334,464,698,face_1140.png,3024,4032
face,1288,1177,583,1162,face_1141.png,3024,4032
face,725,1021,740,1021,face_1142.png,3024,4032
face,1173,1188,646,912,face_1143.png,3024,4032
face,1361,1000,646,912,face_1144.png,3024,4032
face,1252,1214,599,985,face_1145.png,3024,4032
face,949,942,754,1133,face_1146.png,2320,3088
face,833,846,910,1408,face_1147.png,2320,3088
face,773,862,874,1217,face_1148.png,2320,3088
face,1127,1308,412,656,face_1149.png,3024,4032
face,566,932,1092,1552,face_115.png,2448,3264
face,1199,1427,651,761,face_1150.png,3024,4032
face,1022,1167,750,844,face_1151.png,3024,4032
face,1621,995,385,787,face_1152.png,3024,4032
face,1173,1292,599,896,face_1153.png,3024,4032
face,918,1469,625,886,face_1154.png,3024,4032
face,1356,1120,401,745,face_1155.png,3024,4032
face,944,1167,682,964,face_1156.png,3024,4032
face,798,1370,750,1000,face_1157.png,3024,4032
face,1074,1386,781,1000,face_1158.png,3024,4032
face,1476,839,542,677,face_1159.png,3024,4032
face,629,1320,1004,1476,face_116.png,2448,3264
face,661,866,1285,1672,face_1160.png,2320,3088
face,605,922,1253,1736,face_1161.png,2320,3088
face,542,762,1205,1692,face_1162.png,2320,3088
face,629,806,1173,1644,face_1163.png,2320,3088
face,1653,328,776,1229,face_1164.png,3024,4032
face,1173,1292,656,745,face_1165.png,3024,4032
face,1225,1047,974,1255,face_1166.png,3024,4032
face,1272,1370,490,578,face_1167.png,3024,4032
face,1361,1344,703,927,face_1168.png,3024,4032
face,1361,1245,761,995,face_1169.png,3024,4032
face,587,780,1042,1560,face_117.png,2448,3264
face,1418,849,662,1130,face_1170.png,3024,4032
face,1189,1094,594,823,face_1171.png,3024,4032
face,1257,1057,698,1188,face_1172.png,3024,4032
face,991,901,828,1271,face_1173.png,3024,4032
face,1184,1490,589,688,face_1174.png,3024,4032
face,1085,1328,776,943,face_1175.png,3024,4032
face,1124,267,1057,1688,face_1176.png,2320,3088
face,649,750,1169,1807,face_1177.png,2320,3088
face,1413,1266,542,802,face_1178.png,3024,4032
face,1033,1281,662,833,face_1179.png,3024,4032
face,705,894,848,1248,face_118.png,2448,3264
face,1502,1370,693,938,face_1180.png,3024,4032
face,1225,1521,552,714,face_1181.png,3024,4032
face,1231,797,735,1146,face_1182.png,3024,4032
face,710,906,932,1370,face_1183.png,3024,4032
face,1028,959,813,1172,face_1184.png,3024,4032
face,1173,912,839,1245,face_1185.png,3024,4032
face,923,604,839,1344,face_1186.png,3024,4032
face,709,164,942,1440,face_1187.png,2320,3088
face,901,152,938,1392,face_1188.png,2320,3088
face,637,92,985,1416,face_1189.png,2320,3088
face,840,1126,831,1202,face_119.png,2448,3264
face,741,188,965,1496,face_1190.png,2320,3088
face,1241,1104,630,912,face_1191.png,3024,4032
face,1309,1115,792,1193,face_1192.png,3024,4032
face,882,1177,1052,1464,face_1193.png,3024,4032
face,1236,922,1057,1318,face_1194.png,3024,4032
face,1173,1240,651,724,face_1195.png,3024,4032
face,1111,1245,875,1224,face_1196.png,3024,4032
face,1189,1084,1130,1927,face_1197.png,3024,4032
face,1163,1354,880,1302,face_1198.png,3024,4032
face,1377,1453,938,1167,face_1199.png,3024,4032
face,516,359,1305,1704,face_12.png,2316,3088
face,891,978,1004,1387,face_120.png,2448,3264
face,777,1257,874,1376,face_1200.png,2320,3088
face,797,1596,814,1249,face_1201.png,2320,3088
face,833,1600,782,1273,face_1202.png,2320,3088
face,1080,886,688,1229,face_1203.png,3024,4032
face,788,1308,609,1005,face_1204.png,3024,4032
face,1215,1094,688,1099,face_1205.png,3024,4032
face,585,844,932,1193,face_1206.png,3024,4032
face,652,672,927,1188,face_1207.png,3024,4032
face,1319,1094,370,724,face_1208.png,3024,4032
face,1288,1047,516,823,face_1209.png,3024,4032
face,726,1016,932,1413,face_121.png,2448,3264
face,866,1344,583,865,face_1210.png,3024,4032
face,1184,1391,594,677,face_1211.png,3024,4032
face,1127,1219,849,1151,face_1212.png,3024,4032
face,1491,886,703,1063,face_1213.png,3024,4032
face,1121,1188,693,1203,face_1214.png,3024,4032
face,1199,1469,761,1141,face_1215.png,3024,4032
face,814,917,1005,1370,face_1216.png,3024,4032
face,873,782,870,1225,face_1217.png,2320,3088
face,814,1141,891,1657,face_1218.png,3024,4032
face,1074,1297,875,1271,face_1219.png,3024,4032
face,693,569,924,1383,face_122.png,2448,3264
face,1184,1625,807,1089,face_1220.png,3024,4032
face,929,1125,698,1198,face_1221.png,3024,4032
face,1371,1479,573,839,face_1222.png,3024,4032
face,1085,1464,740,860,face_1223.png,3024,4032
face,897,1474,927,1188,face_1224.png,3024,4032
face,684,1479,542,750,face_1225.png,3024,4032
face,1054,1453,714,948,face_1226.png,3024,4032
face,1085,1339,771,1000,face_1227.png,3024,4032
face,1017,1245,589,948,face_1228.png,3024,4032
face,1236,1386,552,766,face_1229.png,3024,4032
face,747,561,936,1354,face_123.png,2448,3264
face,861,674,914,1376,face_1230.png,2320,3088
face,869,958,918,1333,face_1231.png,2320,3088
face,1548,1313,667,1021,face_1232.png,3024,4032
face,1246,1115,714,912,face_1233.png,3024,4032
face,1246,1917,797,776,face_1234.png,3024,4032
face,1064,1881,1005,990,face_1235.png,3024,4032
face,783,1104,698,740,face_1236.png,3024,4032
face,1106,1328,563,641,face_1237.png,3024,4032
face,1142,1641,542,844,face_1238.png,3024,4032
face,1106,1162,625,839,face_1239.png,3024,4032
face,688,1122,907,1130,face_124.png,2448,3264
face,1080,1047,813,1125,face_1240.png,3024,4032
face,1345,1573,526,620,face_1241.png,3024,4032
face,975,1412,708,917,face_1242.png,3024,4032
face,856,1271,922,1302,face_1243.png,3024,4032
face,825,1105,850,1109,face_1244.png,2320,3088
face,837,1193,778,1081,face_1245.png,2320,3088
face,745,1205,846,1065,face_1246.png,2320,3088
face,1387,1057,464,917,face_1247.png,3024,4032
face,1048,1125,646,823,face_1248.png,3024,4032
face,1199,1391,703,875,face_1249.png,3024,4032
face,861,987,810,1050,face_125.png,2448,3264
face,1241,1308,708,1005,face_1250.png,3024,4032
face,1189,1375,547,672,face_1251.png,3024,4032
face,965,1130,688,724,face_1252.png,3024,4032
face,1465,990,563,802,face_1253.png,3024,4032
face,652,156,688,959,face_1254.png,3024,4032
face,965,1068,776,1084,face_1255.png,3024,4032
face,772,1573,886,1073,face_1256.png,3024,4032
face,955,1729,906,953,face_1257.png,3024,4032
face,418,0,1225,1356,face_1258.png,2320,3088
face,346,12,1241,1472,face_1259.png,2320,3088
face,785,805,978,1421,face_126.png,2448,3264
face,522,896,1203,1604,face_1260.png,3024,4032
face,1288,1057,604,797,face_1261.png,3024,4032
face,1043,990,1094,1427,face_1262.png,3024,4032
face,1054,636,927,1318,face_1263.png,3024,4032
face,1132,1016,604,990,face_1264.png,3024,4032
face,1033,1011,1141,1672,face_1265.png,3024,4032
face,1366,901,318,417,face_1266.png,3024,4032
face,1100,1250,604,766,face_1267.png,3024,4032
face,975,995,985,1344,face_1268.png,3024,4032
face,746,969,1094,1453,face_1269.png,3024,4032
face,836,595,961,1362,face_127.png,2448,3264
face,1356,1089,604,750,face_1270.png,3024,4032
face,746,886,807,1099,face_1271.png,3024,4032
face,753,1053,866,1225,face_1272.png,2320,3088
face,725,1029,794,1149,face_1273.png,2320,3088
face,725,1209,906,1165,face_1274.png,2320,3088
face,913,1115,443,698,face_1275.png,3024,4032
face,772,1229,630,875,face_1276.png,3024,4032
face,1158,1375,630,849,face_1277.png,3024,4032
face,1293,1354,552,990,face_1278.png,3024,4032
face,1262,1422,458,667,face_1279.png,3024,4032
face,684,1126,970,1375,face_128.png,2448,3264
face,1345,1370,422,531,face_1280.png,3024,4032
face,1309,1302,615,901,face_1281.png,3024,4032
face,1127,1141,938,1235,face_1282.png,3024,4032
face,934,1380,490,761,face_1283.png,3024,4032
face,1199,1516,604,823,face_1284.png,3024,4032
face,1590,1448,677,787,face_1285.png,3024,4032
face,1194,1407,604,703,face_1286.png,3024,4032
face,657,1125,942,973,face_1287.png,2320,3088
face,745,973,822,1001,face_1288.png,2320,3088
face,1595,1547,620,880,face_1289.png,3024,4032
face,684,1193,898,1223,face_129.png,2448,3264
face,1179,1438,495,625,face_1290.png,3024,4032
face,850,1302,583,797,face_1291.png,3024,4032
face,1194,974,682,839,face_1292.png,3024,4032
face,1153,1172,375,432,face_1293.png,3024,4032
face,1309,1360,609,766,face_1294.png,3024,4032
face,1293,1250,375,443,face_1295.png,3024,4032
face,1283,1479,375,385,face_1296.png,3024,4032
face,1330,1537,511,646,face_1297.png,3024,4032
face,1090,1334,542,599,face_1298.png,3024,4032
face,1074,1563,531,573,face_1299.png,3024,4032
face,785,1193,954,1001,face_13.png,2320,3088
face,693,993,830,850,face_130.png,2320,3088
face,1267,839,495,766,face_1300.png,3024,4032
face,685,614,1021,1177,face_1301.png,2320,3088
face,925,539,850,1089,face_1302.png,2320,3088
face,1153,1313,776,1026,face_1303.png,3024,4032
face,1095,1183,604,688,face_1304.png,3024,4032
face,1007,1521,750,714,face_1305.png,3024,4032
face,1028,1563,823,719,face_1306.png,3024,4032
face,1012,1313,797,854,face_1307.png,3024,4032
face,1121,1568,651,807,face_1308.png,3024,4032
face,1345,1271,620,703,face_1309.png,3024,4032
face,992,985,894,1197,face_131.png,2320,3088
face,975,1683,766,750,face_1310.png,3024,4032
face,1236,1620,745,917,face_1311.png,3024,4032
face,1069,1130,875,964,face_1312.png,3024,4032
face,1048,1151,849,922,face_1313.png,3024,4032
face,1095,1578,714,807,face_1314.png,3024,4032
face,970,1662,839,901,face_1315.png,3024,4032
face,1173,1505,761,818,face_1316.png,3024,4032
face,992,1289,842,997,face_1317.png,2320,3088
face,1429,1120,500,604,face_1318.png,3024,4032
face,1158,1427,761,1011,face_1319.png,3024,4032
face,797,1041,902,1217,face_132.png,2320,3088
face,1210,1516,646,750,face_1320.png,3024,4032
face,736,1407,729,875,face_1321.png,3024,4032
face,1335,735,318,568,face_1322.png,3024,4032
face,1194,1104,490,792,face_1323.png,3024,4032
face,1387,1328,474,573,face_1324.png,3024,4032
face,1069,1313,537,766,face_1325.png,3024,4032
face,1158,1089,583,979,face_1326.png,3024,4032
face,1554,1245,526,714,face_1327.png,3024,4032
face,1158,1229,589,844,face_1328.png,3024,4032
face,1434,1188,573,776,face_1329.png,3024,4032
face,633,762,878,1237,face_133.png,2320,3088
face,761,1041,898,1269,face_1330.png,2320,3088
face,550,1005,938,1213,face_1331.png,2320,3088
face,1215,1308,844,1479,face_1332.png,3024,4032
face,1059,1365,594,797,face_1333.png,3024,4032
face,1611,1412,537,891,face_1334.png,3024,4032
face,1220,1401,667,828,face_1335.png,3024,4032
face,1043,1563,802,875,face_1336.png,3024,4032
face,1408,974,688,823,face_1337.png,3024,4032
face,1048,807,761,1031,face_1338.png,3024,4032
face,757,1334,781,964,face_1339.png,3024,4032
face,641,810,930,1265,face_134.png,2320,3088
face,1502,1443,807,990,face_1340.png,3024,4032
face,745,902,746,922,face_1341.png,2320,3088
face,645,938,794,1025,face_1342.png,2320,3088
face,1377,1026,495,568,face_1343.png,3024,4032
face,1272,1104,547,792,face_1344.png,3024,4032
face,699,922,1151,1594,face_1345.png,3024,4032
face,1017,1042,823,1084,face_1346.png,3024,4032
face,1330,776,589,1261,face_1347.png,3024,4032
face,1173,2000,484,766,face_1348.png,3024,4032
face,1486,849,333,656,face_1349.png,3024,4032
face,597,878,882,1281,face_135.png,2320,3088
face,1163,1130,672,1057,face_1350.png,3024,4032
face,1064,1037,875,1188,face_1351.png,3024,4032
face,955,1344,703,995,face_1352.png,3024,4032
face,1267,1459,547,625,face_1353.png,3024,4032
face,1163,1344,641,974,face_1354.png,3024,4032
face,1059,641,479,943,face_1355.png,3024,4032
face,1111,1031,511,761,face_1356.png,3024,4032
face,996,1209,766,1016,face_1357.png,3024,4032
face,1351,1151,469,667,face_1358.png,3024,4032
face,665,598,910,1261,face_1359.png,2320,3088
face,749,962,866,1313,face_136.png,2320,3088
face,901,678,894,1428,face_1360.png,2320,3088
face,1132,1308,776,865,face_1361.png,3024,4032
face,1059,1094,495,630,face_1362.png,3024,4032
face,975,1427,761,990,face_1363.png,3024,4032
face,1392,1469,516,573,face_1364.png,3024,4032
face,1001,813,646,761,face_1365.png,3024,4032
face,1054,1183,370,573,face_1366.png,3024,4032
face,1319,1365,604,886,face_1367.png,3024,4032
face,1278,1672,432,708,face_1368.png,3024,4032
face,1351,1136,521,828,face_1369.png,3024,4032
face,773,726,830,1265,face_137.png,2320,3088
face,1231,750,823,1370,face_1370.png,3024,4032
face,1340,1162,521,792,face_1371.png,3024,4032
face,960,1094,740,1021,face_1372.png,3024,4032
face,1153,1094,531,823,face_1373.png,3024,4032
face,322,24,954,1237,face_1374.png,2320,3088
face,55,0,958,1197,face_1375.png,2320,3088
face,1100,391,714,1078,face_1376.png,3024,4032
face,1205,1073,651,818,face_1377.png,3024,4032
face,897,1130,792,818,face_1378.png,3024,4032
face,731,1094,688,771,face_1379.png,3024,4032
face,825,902,890,1376,face_138.png,2320,3088
face,1038,1000,521,729,face_1380.png,3024,4032
face,1095,1110,667,974,face_1381.png,3024,4032
face,710,1240,552,787,face_1382.png,3024,4032
face,1022,1146,745,1099,face_1383.png,3024,4032
face,1022,1037,667,1057,face_1384.png,3024,4032
face,856,1516,833,1130,face_1385.png,3024,4032
face,715,1558,896,1162,face_1386.png,3024,4032
face,720,1031,735,1047,face_1387.png,3024,4032
face,1096,938,686,1125,face_1388.png,2320,3088
face,1268,766,694,1157,face_1389.png,2320,3088
face,713,790,854,1285,face_139.png,2320,3088
face,574,959,557,573,face_1390.png,3024,4032
face,413,1334,750,860,face_1391.png,3024,4032
face,1408,922,667,1255,face_1392.png,3024,4032
face,1184,979,531,979,face_1393.png,3024,4032
face,1246,1120,599,787,face_1394.png,3024,4032
face,1382,1229,594,755,face_1395.png,3024,4032
face,1319,1266,542,875,face_1396.png,3024,4032
face,1074,1026,589,943,face_1397.png,3024,4032
face,1069,1146,599,906,face_1398.png,3024,4032
face,1095,1052,505,667,face_1399.png,3024,4032
face,446,938,894,1109,face_14.png,2320,3088
face,661,822,993,1368,face_140.png,2320,3088
face,934,1354,630,870,face_1400.png,3024,4032
face,1012,1099,698,1052,face_1401.png,3024,4032
face,677,886,810,1225,face_1402.png,2320,3088
face,621,666,854,1301,face_1403.png,2320,3088
face,526,842,858,1261,face_1404.png,2320,3088
face,1137,943,667,995,face_1405.png,3024,4032
face,1210,943,714,1073,face_1406.png,3024,4032
face,1319,1016,531,771,face_1407.png,3024,4032
face,1309,1037,745,1068,face_1408.png,3024,4032
face,1220,1172,641,896,face_1409.png,3024,4032
face,597,698,862,1313,face_141.png,2320,3088
face,856,1068,531,698,face_1410.png,3024,4032
face,517,740,886,1219,face_1411.png,3024,4032
face,1121,1125,662,1078,face_1412.png,3024,4032
face,1278,1110,875,1287,face_1413.png,3024,4032
face,830,813,912,1354,face_1414.png,3024,4032
face,913,1368,926,774,face_1415.png,2320,3088
face,909,977,973,1193,face_1416.png,2320,3088
face,1199,896,703,953,face_1417.png,3024,4032
face,1111,865,662,875,face_1418.png,3024,4032
face,1496,927,609,964,face_1419.png,3024,4032
face,757,718,954,1504,face_142.png,2320,3088
face,1153,953,667,1130,face_1420.png,3024,4032
face,1199,865,854,974,face_1421.png,3024,4032
face,1106,891,1000,1209,face_1422.png,3024,4032
face,589,802,1360,1751,face_1423.png,2320,3088
face,550,946,1356,1807,face_1424.png,2320,3088
face,970,1115,453,719,face_1425.png,3024,4032
face,1225,870,740,1146,face_1426.png,3024,4032
face,866,922,594,833,face_1427.png,3024,4032
face,1100,1073,563,656,face_1428.png,3024,4032
face,1262,1068,438,677,face_1429.png,3024,4032
face,516,1172,1574,1828,face_143.png,2332,5184
face,1449,714,563,1110,face_1430.png,3024,4032
face,1377,948,516,761,face_1431.png,3024,4032
face,1392,891,281,359,face_1432.png,3024,4032
face,751,1380,969,1323,face_1433.png,3024,4032
face,1340,1141,552,651,face_1434.png,3024,4032
face,1090,974,844,1183,face_1435.png,3024,4032
face,1408,849,505,787,face_1436.png,3024,4032
face,1153,979,880,1183,face_1437.png,3024,4032
face,1158,1078,719,886,face_1438.png,3024,4032
face,684,1011,969,1188,face_1439.png,3024,4032
face,396,1306,1554,2016,face_144.png,2332,5184
face,746,964,766,964,face_1440.png,3024,4032
face,901,1057,762,1205,face_1441.png,2320,3088
face,1085,833,708,1183,face_1442.png,3024,4032
face,1298,990,620,828,face_1443.png,3024,4032
face,1153,948,854,1302,face_1444.png,3024,4032
face,1423,891,667,886,face_1445.png,3024,4032
face,1356,1141,583,906,face_1446.png,3024,4032
face,1382,912,745,974,face_1447.png,3024,4032
face,1142,849,542,818,face_1448.png,3024,4032
face,1351,1037,792,1276,face_1449.png,3024,4032
face,510,1085,1540,1695,face_145.png,2332,5184
face,1330,802,630,854,face_1450.png,3024,4032
face,1001,917,682,896,face_1451.png,3024,4032
face,1486,1057,557,854,face_1452.png,3024,4032
face,819,1156,886,1193,face_1453.png,3024,4032
face,1205,1214,589,745,face_1454.png,3024,4032
face,1564,1120,750,1073,face_1455.png,3024,4032
face,1377,823,646,1005,face_1456.png,3024,4032
face,673,678,1173,1432,face_1457.png,2320,3088
face,689,846,1157,1376,face_1458.png,2320,3088
face,701,610,1145,1440,face_1459.png,2320,3088
face,369,1520,1447,1708,face_146.png,2332,5184
face,1517,813,406,703,face_1460.png,3024,4032
face,1241,833,651,938,face_1461.png,3024,4032
face,1262,1198,682,964,face_1462.png,3024,4032
face,1262,849,568,959,face_1463.png,3024,4032
face,1304,1443,484,1110,face_1464.png,3024,4032
face,1418,1469,703,1302,face_1465.png,3024,4032
face,1236,1287,417,604,face_1466.png,3024,4032
face,1137,1021,912,1224,face_1467.png,3024,4032
face,1184,860,927,1855,face_1468.png,3024,4032
face,1199,1052,615,906,face_1469.png,3024,4032
face,516,1380,1413,1688,face_147.png,2332,5184
face,653,886,1169,1480,face_1470.png,2320,3088
face,1330,901,495,839,face_1471.png,3024,4032
face,1158,1005,573,854,face_1472.png,3024,4032
face,1085,995,636,833,face_1473.png,3024,4032
face,1225,974,552,823,face_1474.png,3024,4032
face,1168,959,787,1156,face_1475.png,3024,4032
face,1153,901,792,1078,face_1476.png,3024,4032
face,1184,995,708,974,face_1477.png,3024,4032
face,901,1281,766,1017,face_1478.png,2320,3088
face,909,1073,826,1121,face_1479.png,2320,3088
face,423,1520,1514,1936,face_148.png,2332,5184
face,1278,1308,526,787,face_1480.png,3024,4032
face,1502,1287,391,526,face_1481.png,3024,4032
face,1673,854,688,912,face_1482.png,3024,4032
face,1345,500,724,1047,face_1483.png,3024,4032
face,1064,703,667,844,face_1484.png,3024,4032
face,1257,839,552,787,face_1485.png,3024,4032
face,1225,1068,537,740,face_1486.png,3024,4032
face,1507,964,542,787,face_1487.png,3024,4032
face,1377,891,516,886,face_1488.png,3024,4032
face,1231,995,636,974,face_1489.png,3024,4032
face,577,1293,1366,1889,face_149.png,2332,5184
face,1064,1183,609,807,face_1490.png,3024,4032
face,1108,906,902,1233,face_1491.png,2320,3088
face,697,503,890,1337,face_1492.png,2320,3088
face,1199,729,552,781,face_1493.png,3024,4032
face,1090,1016,807,1120,face_1494.png,3024,4032
face,1324,844,458,662,face_1495.png,3024,4032
face,1090,1037,755,979,face_1496.png,3024,4032
face,830,854,620,969,face_1497.png,3024,4032
face,1121,833,547,818,face_1498.png,3024,4032
face,1194,844,766,1177,face_1499.png,3024,4032
face,721,1109,898,1249,face_15.png,2320,3088
face,476,1206,1581,1962,face_150.png,2332,5184
face,1246,917,708,943,face_1500.png,3024,4032
face,861,954,846,1309,face_1501.png,2320,3088
face,941,1560,746,1129,face_1502.png,2320,3088
face,881,1400,870,1309,face_1503.png,2320,3088
face,1272,880,651,1057,face_1504.png,3024,4032
face,1215,870,406,630,face_1505.png,3024,4032
face,1423,1396,531,703,face_1506.png,3024,4032
face,1272,1016,464,552,face_1507.png,3024,4032
face,949,948,719,979,face_1508.png,3024,4032
face,1153,1297,521,677,face_1509.png,3024,4032
face,664,1869,1313,1628,face_151.png,2332,5184
face,903,1037,636,729,face_1510.png,3024,4032
face,1048,1125,844,1063,face_1511.png,3024,4032
face,1257,1162,547,735,face_1512.png,3024,4032
face,546,451,882,1257,face_1513.png,2320,3088
face,558,335,914,1225,face_1514.png,2320,3088
face,1382,1057,453,568,face_1515.png,3024,4032
face,1397,1047,557,1110,face_1516.png,3024,4032
face,1382,1000,401,636,face_1517.png,3024,4032
face,1059,1021,646,813,face_1518.png,3024,4032
face,1319,1073,688,1110,face_1519.png,3024,4032
face,597,1313,1494,1775,face_152.png,2332,5184
face,1236,1302,537,755,face_1520.png,3024,4032
face,1000,993,794,1181,face_1521.png,2320,3088
face,1044,977,790,1141,face_1522.png,2320,3088
face,1100,1209,599,854,face_1523.png,3024,4032
face,1132,1188,474,615,face_1524.png,3024,4032
face,1429,1339,474,688,face_1525.png,3024,4032
face,1210,1266,422,620,face_1526.png,3024,4032
face,1199,1224,552,906,face_1527.png,3024,4032
face,1142,1151,599,839,face_1528.png,3024,4032
face,975,1188,630,787,face_1529.png,3024,4032
face,704,1232,1232,1768,face_153.png,2332,5184
face,1361,1235,568,854,face_1530.png,3024,4032
face,578,934,874,1193,face_1531.png,2320,3088
face,713,670,882,1209,face_1532.png,2320,3088
face,422,874,1065,1301,face_1533.png,2320,3088
face,1309,854,651,1016,face_1534.png,3024,4032
face,1382,953,583,792,face_1535.png,3024,4032
face,1043,964,484,766,face_1536.png,3024,4032
face,1038,932,891,1167,face_1537.png,3024,4032
face,1090,370,505,766,face_1538.png,3024,4032
face,1330,860,646,896,face_1539.png,3024,4032
face,516,1152,1386,1761,face_154.png,2332,5184
face,1173,1209,620,823,face_1540.png,3024,4032
face,1408,1188,547,677,face_1541.png,3024,4032
face,1048,932,578,677,face_1542.png,3024,4032
face,1387,917,724,1396,face_1543.png,3024,4032
face,1314,964,563,833,face_1544.png,3024,4032
face,1298,1005,573,646,face_1545.png,3024,4032
face,1090,636,599,729,face_1546.png,3024,4032
face,562,1400,1157,1452,face_1547.png,2320,3088
face,490,1424,1077,1333,face_1548.png,2320,3088
face,729,1472,973,1117,face_1549.png,2320,3088
face,436,1152,1366,1902,face_155.png,2332,5184
face,530,1109,1013,1305,face_1550.png,2320,3088
face,725,1209,969,1173,face_1551.png,2320,3088
face,986,1099,776,917,face_1552.png,3024,4032
face,1522,995,630,750,face_1553.png,3024,4032
face,1361,979,927,1162,face_1554.png,3024,4032
face,1272,953,641,761,face_1555.png,3024,4032
face,1700,1068,313,636,face_1556.png,3024,4032
face,1679,1287,578,932,face_1557.png,3024,4032
face,1293,1235,443,531,face_1558.png,3024,4032
face,887,1271,641,875,face_1559.png,3024,4032
face,1243,2130,1286,1621,face_156.png,3880,5184
face,955,1209,505,776,face_1560.png,3024,4032
face,1194,1297,589,740,face_1561.png,3024,4032
face,1429,964,557,568,face_1562.png,3024,4032
face,1262,1183,365,432,face_1563.png,3024,4032
face,1225,1031,396,500,face_1564.png,3024,4032
face,970,1047,537,620,face_1565.png,3024,4032
face,1017,1031,323,479,face_1566.png,3024,4032
face,1012,985,547,599,face_1567.png,3024,4032
face,1189,672,448,583,face_1568.png,3024,4032
face,1377,1276,620,787,face_1569.png,3024,4032
face,1143,1929,1507,1520,face_157.png,3880,5184
face,1397,1443,578,589,face_1570.png,3024,4032
face,1434,625,333,380,face_1571.png,3024,4032
face,1387,1037,484,682,face_1572.png,3024,4032
face,1533,1193,516,787,face_1573.png,3024,4032
face,1418,1063,537,682,face_1574.png,3024,4032
face,1470,974,573,636,face_1575.png,3024,4032
face,1559,901,412,651,face_1576.png,3024,4032
face,876,1573,912,938,face_1577.png,3024,4032
face,1564,1141,464,714,face_1578.png,3024,4032
face,1225,1162,531,917,face_1579.png,3024,4032
face,1257,1949,1514,1902,face_158.png,3880,5184
face,414,806,1166,1175,face_1580.png,2320,2320
face,399,581,1040,1031,face_1581.png,2320,2320
face,1442,805,383,524,face_1582.png,3024,3024
face,1270,582,484,875,face_1583.png,3024,3024
face,1465,258,481,676,face_1584.png,3024,3024
face,1457,492,484,926,face_1585.png,3024,3024
face,1047,352,875,1430,face_1586.png,3024,3024
face,1580,552,458,568,face_1587.png,3024,4032
face,1335,761,365,458,face_1588.png,3024,4032
face,1106,948,458,505,face_1589.png,3024,4032
face,1223,1540,1494,1929,face_159.png,3880,5184
face,423,1193,1646,1657,face_1590.png,3024,4032
face,1272,1141,901,1078,face_1591.png,3024,4032
face,1371,1349,839,813,face_1592.png,3024,4032
face,1205,1162,604,818,face_1593.png,3024,4032
face,1657,590,410,567,face_1594.png,3024,3024
face,1524,848,359,449,face_1595.png,3024,3024
face,1153,1485,1073,1177,face_1596.png,3024,4032
face,1090,1365,807,1089,face_1597.png,3024,4032
face,1397,1443,573,729,face_1598.png,3024,4032
face,1481,1271,474,620,face_1599.png,3024,4032
face,713,1249,834,1013,face_16.png,2320,3088
face,1089,2016,1520,1828,face_160.png,3880,5184
face,1533,1068,568,667,face_1600.png,3024,4032
face,1616,1287,375,615,face_1601.png,3024,4032
face,1324,1594,865,1042,face_1602.png,3024,4032
face,1361,1474,537,620,face_1603.png,3024,4032
face,1116,1177,901,1151,face_1604.png,3024,4032
face,797,1261,822,946,face_1605.png,2320,3088
face,757,1364,906,1081,face_1606.png,2320,3088
face,809,1289,862,1081,face_1607.png,2320,3088
face,1309,849,583,813,face_1608.png,3024,4032
face,1038,1042,641,807,face_1609.png,3024,4032
face,1290,1715,1440,1916,face_161.png,3880,5184
face,871,1057,995,1214,face_1610.png,3024,4032
face,903,1375,708,844,face_1611.png,3024,4032
face,1236,948,557,677,face_1612.png,3024,4032
face,1512,854,432,630,face_1613.png,3024,4032
face,1397,620,453,547,face_1614.png,3024,4032
face,941,1057,742,954,face_1615.png,2320,3088
face,901,1089,770,1021,face_1616.png,2320,3088
face,981,995,766,1110,face_1617.png,3024,4032
face,1142,1130,1042,1287,face_1618.png,3024,4032
face,1684,1235,417,792,face_1619.png,3024,4032
face,1223,2311,1306,1681,face_162.png,3880,5184
face,1345,609,302,344,face_1620.png,3024,4032
face,975,1021,615,959,face_1621.png,3024,4032
face,996,844,708,1110,face_1622.png,3024,4032
face,1413,1193,630,818,face_1623.png,3024,4032
face,1153,1037,594,750,face_1624.png,3024,4032
face,882,917,693,938,face_1625.png,3024,4032
face,1298,953,745,1209,face_1626.png,3024,4032
face,1184,995,662,833,face_1627.png,3024,4032
face,1278,959,578,719,face_1628.png,3024,4032
face,601,1277,782,981,face_1629.png,2320,3088
face,1210,1909,1353,1802,face_163.png,3880,5184
face,1324,646,781,1266,face_1630.png,3024,4032
face,1059,1021,464,552,face_1631.png,3024,4032
face,1215,1360,573,630,face_1632.png,3024,4032
face,1022,1172,578,708,face_1633.png,3024,4032
face,1059,1250,656,776,face_1634.png,3024,4032
face,1127,1250,448,672,face_1635.png,3024,4032
face,1199,1198,542,708,face_1636.png,3024,4032
face,1170,1962,1460,1996,face_164.png,3880,5184
face,1257,2070,1440,2070,face_165.png,3880,5184
face,1130,2003,1467,2049,face_166.png,3880,5184
face,1257,1822,1407,1916,face_167.png,3880,5184
face,1163,2003,1500,1822,face_168.png,3880,5184
face,765,662,1004,1320,face_169.png,2208,2944
face,621,1380,942,1089,face_17.png,2320,3088
face,975,901,841,1099,face_170.png,2208,2944
face,762,890,1000,1331,face_171.png,2208,2944
face,876,981,928,1225,face_172.png,2208,2944
face,959,837,734,928,face_173.png,2208,2944
face,929,753,726,1065,face_174.png,2208,2944
face,842,882,719,1095,face_175.png,2208,2944
face,788,978,757,1031,face_176.png,2208,2944
face,823,1206,932,1221,face_177.png,2208,2944
face,872,757,730,985,face_178.png,2208,2944
face,777,829,749,966,face_179.png,2208,2944
face,789,1273,890,1025,face_18.png,2320,3088
face,629,1149,890,1160,face_180.png,2208,2944
face,625,1191,1050,1172,face_181.png,2208,2944
face,606,711,1092,1449,face_182.png,2208,2944
face,701,1594,681,943,face_183.png,2208,2944
face,632,726,1183,1598,face_184.png,2208,2944
face,381,453,1251,1552,face_185.png,2208,2944
face,651,932,1023,1426,face_186.png,2208,2944
face,758,1259,1035,1331,face_187.png,2208,2944
face,1184,1428,1339,1815,face_188.png,2736,3648
face,627,959,982,1251,face_189.png,1932,2576
face,677,1360,906,1025,face_19.png,2320,3088
face,593,905,882,1012,face_190.png,1932,2576
face,735,217,1107,1772,face_191.png,2208,2944
face,218,673,1012,1346,face_192.png,2208,2944
face,963,639,913,1411,face_193.png,2208,2944
face,720,464,1080,1727,face_194.png,2208,2944
face,887,430,886,1521,face_195.png,2208,2944
face,507,300,1168,1909,face_196.png,2208,2944
face,540,882,1045,1245,face_197.png,1932,2576
face,660,612,1012,1438,face_198.png,1932,2576
face,763,1015,865,1085,face_199.png,1932,2576
face,480,958,1309,1612,face_2.png,2316,3088
face,685,826,930,1129,face_20.png,2320,3088
face,693,955,939,1258,face_200.png,1932,2576
face,643,955,899,1268,face_201.png,1932,2576
face,640,839,992,1325,face_202.png,1932,2576
face,653,646,812,1165,face_203.png,1932,2576
face,643,789,1002,1385,face_204.png,1932,2576
face,510,566,1165,1521,face_205.png,1932,2576
face,583,596,1028,1285,face_206.png,1932,2576
face,676,506,945,1205,face_207.png,1932,2576
face,707,1121,842,1105,face_208.png,2316,3088
face,667,969,930,1161,face_209.png,2316,3088
face,605,906,922,1137,face_21.png,2320,3088
face,572,1041,730,1125,face_210.png,2316,3088
face,739,706,1073,1396,face_211.png,2316,3088
face,599,507,1049,1376,face_212.png,2316,3088
face,623,654,954,1249,face_213.png,2316,3088
face,735,973,1005,1321,face_214.png,2316,3088
face,903,798,962,1301,face_215.png,2316,3088
face,583,750,842,1265,face_216.png,2316,3088
face,1006,1149,778,1133,face_217.png,2316,3088
face,659,682,810,1233,face_218.png,2316,3088
face,599,1085,950,1293,face_219.png,2316,3088
face,585,1241,842,977,face_22.png,2320,3088
face,635,307,993,1544,face_220.png,2316,3088
face,286,1263,794,960,face_221.png,1528,3216
face,394,1151,756,943,face_222.png,1528,3216
face,403,852,839,1018,face_223.png,1528,3216
face,324,1234,748,910,face_224.png,1528,3216
face,344,1001,856,1151,face_225.png,1528,3216
face,278,1276,906,968,face_226.png,1528,3216
face,319,1030,868,1047,face_227.png,1528,3216
face,265,1076,835,952,face_228.png,1528,3216
face,440,1384,848,976,face_229.png,1528,3216
face,761,1045,1137,1153,face_23.png,2320,3088
face,290,964,902,1001,face_230.png,1528,3216
face,361,1035,839,981,face_231.png,1528,3216
face,340,1043,835,1001,face_232.png,1528,3216
face,199,1267,918,985,face_233.png,1528,3216
face,368,924,856,1270,face_234.png,1656,2944
face,349,886,879,1282,face_235.png,1656,2944
face,326,932,901,1297,face_236.png,1656,2944
face,341,734,913,1396,face_237.png,1656,2944
face,417,955,848,1213,face_238.png,1656,2944
face,364,959,829,1183,face_239.png,1656,2944
face,490,830,1041,1329,face_24.png,2320,3088
face,261,875,936,1415,face_240.png,1656,2944
face,307,810,875,1381,face_241.png,1656,2944
face,284,898,943,1339,face_242.png,1656,2944
face,299,890,860,1316,face_243.png,1656,2944
face,265,894,974,1415,face_244.png,1656,2944
face,292,928,875,1346,face_245.png,1656,2944
face,276,890,970,1464,face_246.png,1656,2944
face,550,886,989,1229,face_247.png,2320,3088
face,665,1496,910,950,face_248.png,2320,3088
face,482,658,1249,1420,face_249.png,2320,3088
face,502,866,993,1261,face_25.png,2320,3088
face,633,926,1245,1504,face_250.png,2320,3088
face,454,750,1173,1380,face_251.png,2320,3088
face,127,626,1217,1556,face_252.png,2320,3088
face,458,690,1117,1400,face_253.png,2320,3088
face,613,870,1069,1265,face_254.png,2320,3088
face,123,906,1201,1488,face_255.png,2320,3088
face,426,826,1273,1464,face_256.png,2320,3088
face,629,594,1325,1692,face_257.png,2320,3088
face,226,1125,969,1285,face_258.png,2320,3088
face,250,738,1229,1592,face_259.png,2320,3088
face,587,830,850,1205,face_26.png,2316,3088
face,727,874,962,1329,face_260.png,2316,3088
face,655,1021,934,1388,face_261.png,2316,3088
face,735,922,874,1285,face_262.png,2316,3088
face,635,742,1117,1544,face_263.png,2316,3088
face,651,870,989,1372,face_264.png,2316,3088
face,615,818,1125,1440,face_265.png,2316,3088
face,639,878,993,1388,face_266.png,2316,3088
face,659,870,1025,1456,face_267.png,2316,3088
face,603,730,989,1372,face_268.png,2316,3088
face,591,810,993,1444,face_269.png,2316,3088
face,851,814,874,1245,face_27.png,2316,3088
face,619,730,1073,1544,face_270.png,2316,3088
face,595,742,1089,1564,face_271.png,2316,3088
face,544,654,1189,1604,face_272.png,2316,3088
face,882,469,1989,2974,face_273.png,3880,5184
face,815,636,1889,2967,face_274.png,3880,5184
face,976,810,1882,2913,face_275.png,3880,5184
face,768,757,1855,2867,face_276.png,3880,5184
face,862,121,2016,3141,face_277.png,3880,5184
face,781,315,2076,3268,face_278.png,3880,5184
face,888,281,2103,3349,face_279.png,3880,5184
face,464,750,942,1273,face_28.png,2316,3088
face,688,857,2411,3972,face_280.png,3880,5184
face,815,248,2157,3335,face_281.png,3880,5184
face,815,1018,1989,3001,face_282.png,3880,5184
face,1022,764,1849,2833,face_283.png,3880,5184
face,734,442,2150,3429,face_284.png,3880,5184
face,755,1232,2090,2880,face_285.png,3880,5184
face,464,397,790,1257,face_286.png,1920,2560
face,712,506,751,982,face_287.png,1920,2560
face,520,628,833,903,face_288.png,1920,2560
face,378,397,880,1121,face_289.png,1920,2560
face,871,870,822,962,face_29.png,2316,3088
face,507,562,774,1022,face_290.png,1920,2560
face,652,463,747,1002,face_291.png,1920,2560
face,431,519,754,890,face_292.png,1920,2560
face,563,576,671,913,face_293.png,1920,2560
face,626,771,728,840,face_294.png,1920,2560
face,464,390,777,880,face_295.png,1920,2560
face,424,499,824,929,face_296.png,1920,2560
face,408,516,695,774,face_297.png,1920,2560
face,447,483,691,794,face_298.png,1920,2560
face,1151,1459,1741,2069,face_299.png,4312,5760
face,615,782,989,1161,face_3.png,2316,3088
face,839,1045,762,918,face_30.png,2316,3088
face,1285,1451,1793,2158,face_300.png,4312,5760
face,1174,1206,1741,2463,face_301.png,4312,5760
face,1017,1466,1905,2545,face_302.png,4312,5760
face,1136,1176,1860,2411,face_303.png,4312,5760
face,1107,1287,1846,2612,face_304.png,4312,5760
face,1159,1161,1883,2486,face_305.png,4312,5760
face,943,1786,1838,2367,face_306.png,4312,5760
face,1159,1444,1593,2091,face_307.png,4312,5760
face,1300,1265,1764,2404,face_308.png,4312,5760
face,980,1287,2047,2545,face_309.png,4312,5760
face,719,858,838,1041,face_31.png,2316,3088
face,690,1459,2530,3334,face_310.png,4312,5760
face,1323,1340,1756,2047,face_311.png,4312,5760
face,596,816,1040,1291,face_312.png,2322,4128
face,905,1181,826,1109,face_313.png,2320,3088
face,725,914,1025,1436,face_314.png,2320,3088
face,601,1101,958,1193,face_315.png,2320,3088
face,709,1197,993,1217,face_316.png,2320,3088
face,753,942,1013,1329,face_317.png,2320,3088
face,821,926,1049,1352,face_318.png,2320,3088
face,701,1081,858,1141,face_319.png,2320,3088
face,751,754,902,1073,face_32.png,2316,3088
face,781,1141,1009,1249,face_320.png,2320,3088
face,637,1077,1209,1576,face_321.png,2320,3088
face,637,1061,1029,1392,face_322.png,2320,3088
face,757,1017,981,1412,face_323.png,2320,3088
face,661,850,1053,1512,face_324.png,2320,3088
face,506,918,1149,1480,face_325.png,2320,3088
face,873,683,1051,1419,face_326.png,2322,4128
face,558,843,1147,1488,face_327.png,2322,4128
face,740,885,880,1232,face_328.png,2322,4128
face,676,885,1168,1472,face_329.png,2322,4128
face,883,854,734,858,face_33.png,2316,3088
face,569,933,1061,1280,face_330.png,2322,4128
face,734,837,960,1328,face_331.png,2322,4128
face,558,613,1179,1392,face_332.png,2322,4128
face,665,757,955,1312,face_333.png,2322,4128
face,633,683,1051,1456,face_334.png,2322,4128
face,715,1134,536,685,face_335.png,1920,2560
face,781,1062,536,728,face_336.png,1920,2560
face,745,972,605,860,face_337.png,1920,2560
face,516,747,1152,1499,face_338.png,2322,4128
face,414,517,1232,1632,face_339.png,2322,4128
face,875,834,826,1097,face_34.png,2316,3088
face,420,763,1360,1653,face_340.png,2322,4128
face,695,1141,605,804,face_341.png,1920,2560
face,679,1164,556,691,face_342.png,1920,2560
face,682,1072,612,804,face_343.png,1920,2560
face,735,1082,572,781,face_344.png,1920,2560
face,765,1078,552,761,face_345.png,1920,2560
face,785,1131,576,688,face_346.png,1920,2560
face,814,1164,523,652,face_347.png,1920,2560
face,805,1089,886,1121,face_348.png,2320,3088
face,765,1097,1009,1241,face_349.png,2320,3088
face,711,981,965,1089,face_35.png,2316,3088
face,785,1310,542,734,face_350.png,1920,2560
face,781,1039,566,774,face_351.png,1920,2560
face,520,996,615,764,face_352.png,1920,2560
face,737,1061,1089,1313,face_353.png,2320,3088
face,805,1161,958,1265,face_354.png,2320,3088
face,729,1001,1165,1504,face_355.png,2320,3088
face,789,1009,1013,1349,face_356.png,2320,3088
face,829,1057,1073,1317,face_357.png,2320,3088
face,566,1169,1069,1412,face_358.png,2320,3088
face,697,1085,1025,1376,face_359.png,2320,3088
face,923,910,810,1025,face_36.png,2316,3088
face,570,1129,993,1333,face_360.png,2320,3088
face,677,1077,1021,1313,face_361.png,2320,3088
face,653,973,1101,1380,face_362.png,2320,3088
face,765,1009,1237,1616,face_363.png,2320,3088
face,649,1033,918,1193,face_364.png,2320,3088
face,837,1181,886,1041,face_365.png,2320,3088
face,817,1261,886,1097,face_366.png,2320,3088
face,737,1277,870,942,face_367.png,2320,3088
face,757,1129,906,1141,face_368.png,2320,3088
face,665,1121,1013,1197,face_369.png,2320,3088
face,763,938,814,958,face_37.png,2316,3088
face,801,989,870,1105,face_370.png,2320,3088
face,689,973,1041,1261,face_371.png,2320,3088
face,713,1073,882,1181,face_372.png,2320,3088
face,637,718,914,1209,face_373.png,2320,3088
face,562,846,1081,1309,face_374.png,2320,3088
face,749,1285,910,1121,face_375.png,2320,3088
face,729,1009,954,1301,face_376.png,2320,3088
face,1460,1021,615,854,face_377.png,3024,4032
face,1397,1667,438,620,face_378.png,3024,4032
face,1231,1198,531,745,face_379.png,3024,4032
face,643,658,1029,1384,face_38.png,2316,3088
face,1543,1271,474,740,face_380.png,3024,4032
face,1153,1209,641,833,face_381.png,3024,4032
face,1189,1386,526,625,face_382.png,3024,4032
face,1137,1542,688,1000,face_383.png,3024,4032
face,1382,1537,479,656,face_384.png,3024,4032
face,641,1125,866,894,face_385.png,2320,3088
face,949,1265,634,854,face_386.png,2320,3088
face,1163,807,448,589,face_387.png,3024,4032
face,1257,1318,750,912,face_388.png,3024,4032
face,1345,1219,609,1057,face_389.png,3024,4032
face,633,1049,746,977,face_39.png,2320,3088
face,1382,1360,578,750,face_390.png,3024,4032
face,996,1203,651,906,face_391.png,3024,4032
face,981,985,750,912,face_392.png,3024,4032
face,1387,1714,323,391,face_393.png,3024,4032
face,1543,1219,531,750,face_394.png,3024,4032
face,1356,1162,672,974,face_395.png,3024,4032
face,1481,1292,391,474,face_396.png,3024,4032
face,1074,1203,823,943,face_397.png,3024,4032
face,527,854,1162,1240,face_398.png,3024,4032
face,1132,1167,547,620,face_399.png,3024,4032
face,556,993,1053,1317,face_4.png,2316,3088
face,566,1157,790,1061,face_40.png,2320,3088
face,1064,1505,604,901,face_400.png,3024,4032
face,841,1720,802,1041,face_401.png,2320,3088
face,1179,1573,589,854,face_402.png,3024,4032
face,1382,1589,599,729,face_403.png,3024,4032
face,1022,1537,469,469,face_404.png,3024,4032
face,1434,1386,547,719,face_405.png,3024,4032
face,923,1479,932,1026,face_406.png,3024,4032
face,1288,2219,422,573,face_407.png,3024,4032
face,1246,1485,573,839,face_408.png,3024,4032
face,856,1505,828,943,face_409.png,3024,4032
face,633,1105,830,1045,face_41.png,2320,3088
face,1324,1485,860,1380,face_410.png,3024,4032
face,1142,1141,667,854,face_411.png,3024,4032
face,1095,1464,714,1011,face_412.png,3024,4032
face,929,1604,677,854,face_413.png,3024,4032
face,913,1813,870,1005,face_414.png,3024,4032
face,853,1053,894,1129,face_415.png,2320,3088
face,1423,1370,458,469,face_416.png,3024,4032
face,1382,1339,479,568,face_417.png,3024,4032
face,1361,1865,531,615,face_418.png,3024,4032
face,1408,1604,547,688,face_419.png,3024,4032
face,605,1169,742,910,face_42.png,2320,3088
face,1585,1266,406,500,face_420.png,3024,4032
face,1668,1276,401,448,face_421.png,3024,4032
face,1601,1255,406,630,face_422.png,3024,4032
face,1069,1683,500,531,face_423.png,3024,4032
face,1241,1365,557,922,face_424.png,3024,4032
face,1528,1136,563,813,face_425.png,3024,4032
face,1257,1448,458,537,face_426.png,3024,4032
face,1392,1287,375,396,face_427.png,3024,4032
face,1653,1188,511,573,face_428.png,3024,4032
face,1371,1672,636,891,face_429.png,3024,4032
face,849,997,826,1105,face_43.png,2320,3088
face,1413,1313,359,479,face_430.png,3024,4032
face,929,1558,724,1125,face_431.png,3024,4032
face,1496,1281,344,375,face_432.png,3024,4032
face,1647,1292,557,714,face_433.png,3024,4032
face,322,602,902,1029,face_434.png,2320,3088
face,486,646,870,1129,face_435.png,2320,3088
face,908,1474,682,906,face_436.png,3024,4032
face,814,1427,625,927,face_437.png,3024,4032
face,1252,1485,531,641,face_438.png,3024,4032
face,949,1558,521,797,face_439.png,3024,4032
face,613,1285,874,997,face_44.png,2320,3088
face,1324,1365,578,938,face_440.png,3024,4032
face,1298,1323,349,438,face_441.png,3024,4032
face,1293,1167,422,526,face_442.png,3024,4032
face,1293,1313,375,511,face_443.png,3024,4032
face,1189,1172,500,703,face_444.png,3024,4032
face,434,1047,1073,1401,face_445.png,3024,4032
face,887,844,974,1594,face_446.png,3024,4032
face,1236,1177,505,724,face_447.png,3024,4032
face,1559,1120,511,714,face_448.png,3024,4032
face,1481,854,807,1120,face_449.png,3024,4032
face,789,1225,778,1065,face_45.png,2320,3088
face,709,1313,782,1081,face_450.png,2320,3088
face,693,1125,862,1237,face_451.png,2320,3088
face,1106,537,417,531,face_452.png,3024,4032
face,944,1443,636,959,face_453.png,3024,4032
face,1153,1141,589,854,face_454.png,3024,4032
face,1278,1302,422,672,face_455.png,3024,4032
face,1215,1500,552,703,face_456.png,3024,4032
face,1298,1417,625,1073,face_457.png,3024,4032
face,1340,1578,609,735,face_458.png,3024,4032
face,1085,1308,932,1089,face_459.png,3024,4032
face,637,1352,846,1057,face_46.png,2320,3088
face,378,786,1141,1229,face_460.png,2320,3088
face,1116,1688,740,995,face_461.png,3024,4032
face,1330,1266,422,552,face_462.png,3024,4032
face,1366,1334,292,354,face_463.png,3024,4032
face,1366,1214,609,688,face_464.png,3024,4032
face,1121,1401,547,693,face_465.png,3024,4032
face,1663,1297,438,531,face_466.png,3024,4032
face,715,1110,1005,1365,face_467.png,3024,4032
face,1179,1479,453,604,face_468.png,3024,4032
face,1252,1386,552,620,face_469.png,3024,4032
face,745,1141,850,1081,face_47.png,2320,3088
face,1340,1344,537,807,face_470.png,3024,4032
face,1231,1266,568,651,face_471.png,3024,4032
face,929,1495,724,891,face_472.png,3024,4032
face,370,722,1137,1097,face_473.png,2320,3088
face,390,666,1093,1089,face_474.png,2320,3088
face,1418,1464,656,1104,face_475.png,3024,4032
face,1199,1156,630,818,face_476.png,3024,4032
face,1033,1537,776,854,face_477.png,3024,4032
face,1267,1302,552,531,face_478.png,3024,4032
face,715,1302,1125,1386,face_479.png,3024,4032
face,773,1189,750,1017,face_48.png,2320,3088
face,1043,1110,771,1089,face_480.png,3024,4032
face,1272,1500,682,693,face_481.png,3024,4032
face,1127,1287,802,828,face_482.png,3024,4032
face,805,483,858,942,face_483.png,2320,3088
face,777,575,790,993,face_484.png,2320,3088
face,833,758,782,890,face_485.png,2320,3088
face,1330,1313,432,948,face_486.png,3024,4032
face,1371,1266,380,620,face_487.png,3024,4032
face,1272,1271,511,604,face_488.png,3024,4032
face,1470,432,735,1037,face_489.png,3024,4032
face,578,1177,834,1041,face_49.png,2320,3088
face,1351,1417,547,766,face_490.png,3024,4032
face,1418,1407,781,1057,face_491.png,3024,4032
face,1298,1052,547,1005,face_492.png,3024,4032
face,1288,1240,427,646,face_493.png,3024,4032
face,1043,1339,349,552,face_494.png,3024,4032
face,1210,1391,708,948,face_495.png,3024,4032
face,1111,1490,458,620,face_496.png,3024,4032
face,1215,1573,724,1188,face_497.png,3024,4032
face,1590,1021,365,781,face_498.png,3024,4032
face,1356,1516,484,953,face_499.png,3024,4032
face,576,586,1045,1293,face_5.png,2316,3088
face,657,1129,762,965,face_50.png,2320,3088
face,1418,1433,344,516,face_500.png,3024,4032
face,1538,1396,636,781,face_501.png,3024,4032
face,1309,1495,516,703,face_502.png,3024,4032
face,1199,1386,787,1167,face_503.png,3024,4032
face,1356,1511,641,849,face_504.png,3024,4032
face,1283,1422,698,1000,face_505.png,3024,4032
face,1074,1370,625,807,face_506.png,3024,4032
face,1168,1334,583,1235,face_507.png,3024,4032
face,745,698,950,1189,face_508.png,2320,3088
face,785,489,800,977,face_509.png,2320,2320
face,677,1301,734,882,face_51.png,2320,3088
face,1153,938,535,824,face_510.png,3024,3024
face,1383,508,344,367,face_511.png,3024,3024
face,1215,496,441,473,face_512.png,3024,3024
face,934,418,664,676,face_513.png,3024,3024
face,1352,356,469,508,face_514.png,3024,3024
face,1434,1021,662,870,face_515.png,3024,4032
face,1335,979,484,573,face_516.png,3024,4032
face,1132,1552,708,860,face_517.png,3024,4032
face,1007,1558,412,427,face_518.png,3024,4032
face,981,1188,667,735,face_519.png,3024,4032
face,731,1197,738,906,face_52.png,2316,3088
face,949,1224,750,875,face_520.png,3024,4032
face,1100,1339,583,630,face_521.png,3024,4032
face,1205,1469,589,656,face_522.png,3024,4032
face,1080,1443,708,854,face_523.png,3024,4032
face,701,1261,1049,1173,face_524.png,2320,3088
face,897,1277,890,1253,face_525.png,2320,3088
face,1184,1037,745,1016,face_526.png,3024,4032
face,1163,1141,787,927,face_527.png,3024,4032
face,1095,1521,479,464,face_528.png,3024,4032
face,1121,1084,599,698,face_529.png,3024,4032
face,719,1113,790,902,face_53.png,2316,3088
face,1022,1120,469,531,face_530.png,3024,4032
face,1397,1261,396,537,face_531.png,3024,4032
face,1085,1386,464,516,face_532.png,3024,4032
face,1184,927,630,865,face_533.png,3024,4032
face,1246,1281,646,698,face_534.png,3024,4032
face,1205,1026,667,745,face_535.png,3024,4032
face,1470,1245,511,609,face_536.png,3024,4032
face,1491,1255,490,641,face_537.png,3024,4032
face,1371,912,417,594,face_538.png,3024,4032
face,1080,1453,490,682,face_539.png,3024,4032
face,560,854,786,938,face_54.png,2316,3088
face,645,419,918,1077,face_540.png,2320,3088
face,689,686,894,1101,face_541.png,2320,3088
face,1252,792,568,886,face_542.png,3024,4032
face,517,339,1005,1063,face_543.png,3024,4032
face,1278,1438,323,557,face_544.png,3024,4032
face,1267,1396,521,833,face_545.png,3024,4032
face,1017,1427,526,651,face_546.png,3024,4032
face,1257,1151,521,563,face_547.png,3024,4032
face,1100,1453,818,1084,face_548.png,3024,4032
face,1423,1261,375,526,face_549.png,3024,4032
face,903,1133,866,1117,face_55.png,2316,3088
face,1158,1479,537,583,face_550.png,3024,4032
face,1074,1308,912,1203,face_551.png,3024,4032
face,1205,1151,526,912,face_552.png,3024,4032
face,903,1073,557,766,face_553.png,3024,4032
face,1074,1292,818,1141,face_554.png,3024,4032
face,934,1308,802,1245,face_555.png,3024,4032
face,1215,1209,813,1354,face_556.png,3024,4032
face,1127,1130,484,609,face_557.png,3024,4032
face,554,898,866,1109,face_558.png,2320,3088
face,789,1189,922,1085,face_559.png,2320,3088
face,675,1081,822,977,face_56.png,2316,3088
face,1257,938,375,537,face_560.png,3024,4032
face,918,1443,594,688,face_561.png,3024,4032
face,1158,1198,453,583,face_562.png,3024,4032
face,1106,1240,432,557,face_563.png,3024,4032
face,918,1526,531,667,face_564.png,3024,4032
face,1225,1156,599,740,face_565.png,3024,4032
face,1538,1073,599,823,face_566.png,3024,4032
face,1127,1209,458,542,face_567.png,3024,4032
face,1444,1412,568,771,face_568.png,3024,4032
face,1017,1146,495,578,face_569.png,3024,4032
face,639,1045,902,1077,face_57.png,2316,3088
face,1309,1422,375,531,face_570.png,3024,4032
face,1356,1578,505,573,face_571.png,3024,4032
face,1481,1610,646,677,face_572.png,3024,4032
face,1314,1818,422,625,face_573.png,3024,4032
face,685,985,973,1181,face_574.png,2320,3088
face,657,1085,958,1165,face_575.png,2320,3088
face,625,1041,958,1189,face_576.png,2320,3088
face,653,1129,870,1081,face_577.png,2320,3088
face,701,981,926,1141,face_578.png,2320,3088
face,420,815,968,1160,face_579.png,2320,2320
face,879,1081,706,890,face_58.png,2316,3088
face,746,686,890,1097,face_580.png,2320,2320
face,680,821,803,1052,face_581.png,2320,2320
face,677,632,869,1151,face_582.png,2320,2320
face,587,623,980,971,face_583.png,2320,2320
face,674,761,914,1127,face_584.png,2320,2320
face,1156,441,414,649,face_585.png,3024,3024
face,906,1071,860,1012,face_586.png,3024,3024
face,1242,371,543,699,face_587.png,3024,3024
face,879,871,598,824,face_588.png,3024,3024
face,1438,727,606,863,face_589.png,3024,3024
face,739,981,790,954,face_59.png,2316,3088
face,1410,809,449,1024,face_590.png,3024,3024
face,988,832,692,1133,face_591.png,3024,3024
face,1344,430,383,805,face_592.png,3024,3024
face,1684,1401,547,1177,face_593.png,3024,4032
face,1590,959,427,708,face_594.png,3024,4032
face,1278,953,375,511,face_595.png,3024,4032
face,1184,1380,365,625,face_596.png,3024,4032
face,887,1370,432,693,face_597.png,3024,4032
face,910,645,555,711,face_598.png,3024,3024
face,1047,1059,680,832,face_599.png,3024,3024
face,456,914,1189,1352,face_6.png,2316,3088
face,819,1209,774,1001,face_60.png,2316,3088
face,938,770,484,1063,face_600.png,3024,3024
face,965,1453,818,1151,face_601.png,3024,4032
face,1017,1380,583,662,face_602.png,3024,4032
face,1048,1407,594,708,face_603.png,3024,4032
face,897,1427,620,995,face_604.png,3024,4032
face,562,1165,1065,1257,face_605.png,2320,3088
face,518,1273,954,1121,face_606.png,2320,3088
face,1225,1198,594,750,face_607.png,3024,4032
face,1231,1266,938,1146,face_608.png,3024,4032
face,1252,1344,682,844,face_609.png,3024,4032
face,783,682,934,1265,face_61.png,2316,3088
face,1293,1391,458,609,face_610.png,3024,4032
face,1241,1459,599,833,face_611.png,3024,4032
face,1783,880,375,729,face_612.png,3024,4032
face,1486,1115,396,698,face_613.png,3024,4032
face,1220,1047,385,448,face_614.png,3024,4032
face,1137,1563,438,511,face_615.png,3024,4032
face,1324,1354,589,677,face_616.png,3024,4032
face,1132,1266,583,761,face_617.png,3024,4032
face,1283,1141,422,703,face_618.png,3024,4032
face,1679,776,292,688,face_619.png,3024,4032
face,599,1141,854,1097,face_62.png,2316,3088
face,1236,891,604,865,face_620.png,3024,4032
face,1377,1063,406,479,face_621.png,3024,4032
face,1377,1130,375,479,face_622.png,3024,4032
face,1272,1417,609,740,face_623.png,3024,4032
face,1132,1172,417,620,face_624.png,3024,4032
face,585,1065,1069,1129,face_625.png,2320,3088
face,653,1057,834,965,face_626.png,2320,3088
face,1429,1313,375,682,face_627.png,3024,4032
face,1507,1183,453,557,face_628.png,3024,4032
face,1028,1469,880,1068,face_629.png,3024,4032
face,576,1017,838,1081,face_63.png,2316,3088
face,1121,1391,615,729,face_630.png,3024,4032
face,1189,1672,521,531,face_631.png,3024,4032
face,1137,1396,427,594,face_632.png,3024,4032
face,1153,1417,380,583,face_633.png,3024,4032
face,564,1495,438,818,face_634.png,3024,4032
face,1293,1495,391,729,face_635.png,3024,4032
face,1069,1604,583,839,face_636.png,3024,4032
face,1267,1214,375,422,face_637.png,3024,4032
face,1298,1469,552,620,face_638.png,3024,4032
face,1199,1370,391,568,face_639.png,3024,4032
face,715,954,862,1065,face_64.png,2316,3088
face,1304,1433,354,552,face_640.png,3024,4032
face,1309,959,318,787,face_641.png,3024,4032
face,1330,1287,396,667,face_642.png,3024,4032
face,1064,1542,474,766,face_643.png,3024,4032
face,1590,1375,563,761,face_644.png,3024,4032
face,1231,1183,568,833,face_645.png,3024,4032
face,996,1740,693,813,face_646.png,3024,4032
face,1147,1151,474,724,face_647.png,3024,4032
face,1012,1459,688,1266,face_648.png,3024,4032
face,689,790,838,1197,face_649.png,2320,3088
face,657,1105,886,1149,face_65.png,2320,3088
face,713,930,826,1297,face_650.png,2320,3088
face,853,862,750,1181,face_651.png,2320,3088
face,668,1078,385,693,face_652.png,3024,4032
face,1606,1344,349,589,face_653.png,3024,4032
face,1788,1719,479,901,face_654.png,3024,4032
face,1252,1505,354,573,face_655.png,3024,4032
face,1153,1469,432,594,face_656.png,3024,4032
face,929,1433,573,781,face_657.png,3024,4032
face,1028,1130,531,672,face_658.png,3024,4032
face,1481,1479,385,714,face_659.png,3024,4032
face,657,1265,874,1085,face_66.png,2320,3088
face,1408,985,474,766,face_660.png,3024,4032
face,1215,1407,589,724,face_661.png,3024,4032
face,1392,636,318,359,face_662.png,3024,4032
face,1246,1547,599,787,face_663.png,3024,4032
face,986,1792,662,1094,face_664.png,3024,4032
face,1173,1469,339,693,face_665.png,3024,4032
face,1335,1349,625,1115,face_666.png,3024,4032
face,1173,1407,667,875,face_667.png,3024,4032
face,1033,1578,651,740,face_668.png,3024,4032
face,1205,1516,573,818,face_669.png,3024,4032
face,570,954,958,1201,face_67.png,2320,3088
face,981,1526,630,729,face_670.png,3024,4032
face,1163,2110,573,917,face_671.png,3024,4032
face,1288,1235,531,1110,face_672.png,3024,4032
face,941,1261,642,930,face_673.png,2320,3088
face,961,1037,618,906,face_674.png,2320,3088
face,1554,1188,370,729,face_675.png,3024,4032
face,1476,1245,359,693,face_676.png,3024,4032
face,1371,1042,443,781,face_677.png,3024,4032
face,1283,1360,484,599,face_678.png,3024,4032
face,1106,979,630,750,face_679.png,3024,4032
face,709,918,862,1217,face_68.png,2320,3088
face,1007,1084,505,740,face_680.png,3024,4032
face,1022,698,682,875,face_681.png,3024,4032
face,1033,802,1245,1573,face_682.png,3024,4032
face,1017,682,537,1021,face_683.png,3024,4032
face,1595,1380,333,563,face_684.png,3024,4032
face,1397,1438,505,959,face_685.png,3024,4032
face,1319,1552,391,542,face_686.png,3024,4032
face,1278,1464,365,531,face_687.png,3024,4032
face,965,1308,651,1011,face_688.png,3024,4032
face,1127,802,505,917,face_689.png,3024,4032
face,673,1081,958,1177,face_69.png,2320,3088
face,1377,1511,505,875,face_690.png,3024,4032
face,1658,1542,552,807,face_691.png,3024,4032
face,1449,1198,354,594,face_692.png,3024,4032
face,1309,1469,547,698,face_693.png,3024,4032
face,1252,1698,490,682,face_694.png,3024,4032
face,949,1547,604,839,face_695.png,3024,4032
face,679,1063,474,995,face_696.png,3024,4032
face,574,1005,726,898,face_697.png,2320,3088
face,657,1209,702,794,face_698.png,2320,3088
face,1382,1354,255,511,face_699.png,3024,4032
face,687,882,965,1037,face_7.png,2316,3088
face,593,1117,850,1097,face_70.png,2320,3088
face,1340,1552,260,500,face_700.png,3024,4032
face,1403,1886,516,828,face_701.png,3024,4032
face,1267,1672,516,677,face_702.png,3024,4032
face,1132,1339,474,526,face_703.png,3024,4032
face,996,1537,651,781,face_704.png,3024,4032
face,986,1162,511,776,face_705.png,3024,4032
face,1371,1599,417,537,face_706.png,3024,4032
face,1330,1453,354,391,face_707.png,3024,4032
face,1158,1485,359,714,face_708.png,3024,4032
face,1382,1349,344,641,face_709.png,3024,4032
face,554,1169,973,1249,face_71.png,2320,3088
face,1069,1391,526,703,face_710.png,3024,4032
face,1179,1313,412,521,face_711.png,3024,4032
face,1173,1500,682,714,face_712.png,3024,4032
face,991,1433,620,1156,face_713.png,3024,4032
face,663,1349,646,938,face_714.png,3024,4032
face,1080,1089,615,833,face_715.png,3024,4032
face,835,1183,807,1167,face_716.png,3024,4032
face,1106,1547,839,1031,face_717.png,3024,4032
face,887,1198,823,1438,face_718.png,3024,4032
face,861,1308,521,1021,face_719.png,3024,4032
face,621,1237,934,1289,face_72.png,2320,3088
face,757,1496,642,782,face_720.png,2320,3088
face,889,1504,762,878,face_721.png,2320,3088
face,1502,927,396,615,face_722.png,3024,4032
face,1288,1167,464,594,face_723.png,3024,4032
face,1090,1146,688,891,face_724.png,3024,4032
face,830,1172,469,636,face_725.png,3024,4032
face,1064,1125,458,745,face_726.png,3024,4032
face,1408,1063,260,474,face_727.png,3024,4032
face,1397,1511,359,609,face_728.png,3024,4032
face,1580,1313,375,469,face_729.png,3024,4032
face,685,954,973,1233,face_73.png,2320,3088
face,1330,432,271,391,face_730.png,3024,4032
face,850,1500,573,886,face_731.png,3024,4032
face,1257,1021,333,636,face_732.png,3024,4032
face,1127,1125,542,860,face_733.png,3024,4032
face,1304,1386,604,849,face_734.png,3024,4032
face,1179,1120,458,776,face_735.png,3024,4032
face,1194,1193,500,745,face_736.png,3024,4032
face,1168,1407,672,964,face_737.png,3024,4032
face,490,902,1349,1576,face_738.png,2320,3088
face,426,622,1552,1795,face_739.png,2320,3088
face,845,1085,1009,1165,face_74.png,2320,3088
face,1371,714,406,766,face_740.png,3024,4032
face,1142,703,505,792,face_741.png,3024,4032
face,1173,1084,589,682,face_742.png,3024,4032
face,897,1375,589,771,face_743.png,3024,4032
face,1351,719,375,818,face_744.png,3024,4032
face,1351,922,271,526,face_745.png,3024,4032
face,1215,1136,474,656,face_746.png,3024,4032
face,1106,1005,860,1016,face_747.png,3024,4032
face,1356,292,396,422,face_748.png,3024,4032
face,1231,1177,495,615,face_749.png,3024,4032
face,745,1169,870,997,face_75.png,2320,3088
face,1246,823,438,776,face_750.png,3024,4032
face,996,995,735,865,face_751.png,3024,4032
face,1199,1120,432,563,face_752.png,3024,4032
face,1512,1057,531,641,face_753.png,3024,4032
face,1048,823,599,823,face_754.png,3024,4032
face,1158,620,511,974,face_755.png,3024,4032
face,733,443,878,1025,face_756.png,2320,3088
face,729,491,906,902,face_757.png,2320,3088
face,1319,1250,484,505,face_758.png,3024,4032
face,1382,1209,625,766,face_759.png,3024,4032
face,617,1205,902,1025,face_76.png,2320,3088
face,1288,1110,490,615,face_760.png,3024,4032
face,1257,1318,375,448,face_761.png,3024,4032
face,1095,1698,365,474,face_762.png,3024,4032
face,1351,1276,250,391,face_763.png,3024,4032
face,1559,948,250,511,face_764.png,3024,4032
face,1069,969,531,708,face_765.png,3024,4032
face,1392,724,276,339,face_766.png,3024,4032
face,1132,1495,594,807,face_767.png,3024,4032
face,1163,1380,412,604,face_768.png,3024,4032
face,1142,974,287,688,face_769.png,3024,4032
face,542,1189,906,1145,face_77.png,2320,3088
face,1444,891,266,552,face_770.png,3024,4032
face,1476,1240,531,724,face_771.png,3024,4032
face,1194,1172,521,641,face_772.png,3024,4032
face,1168,1459,578,714,face_773.png,3024,4032
face,1179,1469,443,646,face_774.png,3024,4032
face,757,906,620,943,face_775.png,3024,4032
face,649,1317,866,1077,face_776.png,2320,3088
face,478,954,898,1233,face_777.png,2320,3088
face,1351,1261,469,766,face_778.png,3024,4032
face,1210,1204,437,650,face_779.png,3024,4032
face,1948,3344,1134,1456,face_78.png,4248,5664
face,1288,906,333,458,face_780.png,3024,4032
face,751,1365,714,974,face_781.png,3024,4032
face,1106,1042,427,755,face_782.png,3024,4032
face,1679,1125,412,693,face_783.png,3024,4032
face,1371,1172,328,578,face_784.png,3024,4032
face,1288,1209,432,594,face_785.png,3024,4032
face,1267,1339,578,729,face_786.png,3024,4032
face,1189,1219,385,521,face_787.png,3024,4032
face,1038,896,708,1063,face_788.png,3024,4032
face,1361,1490,401,505,face_789.png,3024,4032
face,1985,3498,1281,1442,face_79.png,4248,5664
face,1314,1266,745,1068,face_790.png,3024,4032
face,1168,1000,771,1240,face_791.png,3024,4032
face,681,1995,503,646,face_792.png,2320,3088
face,1000,938,674,870,face_793.png,2320,3088
face,821,734,738,946,face_794.png,2320,3088
face,1278,870,354,667,face_795.png,3024,4032
face,1481,1047,464,860,face_796.png,3024,4032
face,1054,1391,490,651,face_797.png,3024,4032
face,960,1297,537,677,face_798.png,3024,4032
face,939,1016,703,828,face_799.png,3024,4032
face,556,946,1125,1257,face_8.png,2316,3088
face,1890,3176,1061,1346,face_80.png,4248,5664
face,1340,891,432,781,face_800.png,3024,4032
face,1575,1198,391,620,face_801.png,3024,4032
face,1278,1240,417,557,face_802.png,3024,4032
face,1095,1287,505,636,face_803.png,3024,4032
face,1001,1318,677,860,face_804.png,3024,4032
face,1022,1099,339,573,face_805.png,3024,4032
face,1455,1229,354,651,face_806.png,3024,4032
face,1517,1156,375,703,face_807.png,3024,4032
face,1142,1141,542,719,face_808.png,3024,4032
face,1366,953,464,875,face_809.png,3024,4032
face,2044,3264,1222,1639,face_81.png,4248,5664
face,1059,1401,479,724,face_810.png,3024,4032
face,944,1063,615,870,face_811.png,3024,4032
face,329,537,615,854,face_812.png,3024,4032
face,857,1085,870,1085,face_813.png,2320,3088
face,845,1313,806,1033,face_814.png,2320,3088
face,1319,1427,385,563,face_815.png,3024,4032
face,1351,1042,552,948,face_816.png,3024,4032
face,1220,1104,511,693,face_817.png,3024,4032
face,1455,917,542,693,face_818.png,3024,4032
face,1564,823,385,636,face_819.png,3024,4032
face,1978,3432,1193,1588,face_82.png,4248,5664
face,1522,1183,313,604,face_820.png,3024,4032
face,1694,1037,385,823,face_821.png,3024,4032
face,1048,1156,531,672,face_822.png,3024,4032
face,1262,1297,563,609,face_823.png,3024,4032
face,1408,1323,500,667,face_824.png,3024,4032
face,960,979,396,630,face_825.png,3024,4032
face,1392,1172,365,516,face_826.png,3024,4032
face,1184,1026,537,761,face_827.png,3024,4032
face,1392,1203,708,1162,face_828.png,3024,4032
face,1278,1313,490,599,face_829.png,3024,4032
face,2124,3732,1339,1625,face_83.png,4248,5664
face,1340,1459,458,552,face_830.png,3024,4032
face,892,1052,583,787,face_831.png,3024,4032
face,857,806,838,922,face_832.png,2320,3088
face,793,830,810,838,face_833.png,2320,3088
face,805,842,826,810,face_834.png,2320,3088
face,1215,1073,443,943,face_835.png,3024,4032
face,1491,1235,354,479,face_836.png,3024,4032
face,1158,1334,427,453,face_837.png,3024,4032
face,1392,1094,531,979,face_838.png,3024,4032
face,1288,1151,354,656,face_839.png,3024,4032
face,2000,3205,1237,1654,face_84.png,4248,5664
face,1449,1380,333,511,face_840.png,3024,4032
face,1356,1339,537,740,face_841.png,3024,4032
face,1319,755,422,432,face_842.png,3024,4032
face,1210,1084,313,583,face_843.png,3024,4032
face,1314,1360,313,693,face_844.png,3024,4032
face,1048,1151,453,740,face_845.png,3024,4032
face,1236,625,469,896,face_846.png,3024,4032
face,1663,807,359,745,face_847.png,3024,4032
face,1069,849,719,917,face_848.png,3024,4032
face,1225,1370,396,714,face_849.png,3024,4032
face,1714,2927,1332,1808,face_85.png,4248,5664
face,1158,1229,417,526,face_850.png,3024,4032
face,689,1189,1041,1173,face_851.png,2320,3088
face,641,1165,1033,1145,face_852.png,2320,3088
face,1684,1209,698,1063,face_853.png,3024,4032
face,1147,1464,500,531,face_854.png,3024,4032
face,1121,1177,828,1052,face_855.png,3024,4032
face,1288,1318,500,490,face_856.png,3024,4032
face,1257,1360,526,656,face_857.png,3024,4032
face,824,1193,557,849,face_858.png,3024,4032
face,1543,1141,323,672,face_859.png,3024,4032
face,1934,3374,1339,1566,face_86.png,4248,5664
face,1340,1037,609,1011,face_860.png,3024,4032
face,1345,500,349,438,face_861.png,3024,4032
face,1054,1443,677,860,face_862.png,3024,4032
face,955,1308,349,630,face_863.png,3024,4032
face,1465,1297,365,630,face_864.png,3024,4032
face,1153,1255,609,1052,face_865.png,3024,4032
face,1382,1344,464,511,face_866.png,3024,4032
face,1205,1261,375,490,face_867.png,3024,4032
face,1262,1198,526,719,face_868.png,3024,4032
face,1189,1417,526,703,face_869.png,3024,4032
face,2241,3081,1325,1764,face_87.png,4248,5664
face,1377,1375,589,1021,face_870.png,3024,4032
face,1153,1662,500,630,face_871.png,3024,4032
face,1173,1146,365,563,face_872.png,3024,4032
face,788,1141,552,1057,face_873.png,3024,4032
face,591,716,602,749,face_874.png,3088,2320
face,853,1536,598,670,face_875.png,2320,3088
face,1392,1151,339,547,face_876.png,3024,4032
face,1288,1474,578,693,face_877.png,3024,4032
face,1231,1542,526,583,face_878.png,3024,4032
face,1267,1615,625,719,face_879.png,3024,4032
face,2014,3454,1185,1361,face_88.png,4248,5664
face,923,1177,578,714,face_880.png,3024,4032
face,1168,630,417,724,face_881.png,3024,4032
face,1267,1516,495,656,face_882.png,3024,4032
face,1288,724,359,453,face_883.png,3024,4032
face,1262,1276,490,651,face_884.png,3024,4032
face,1059,1026,495,818,face_885.png,3024,4032
face,1153,1302,724,979,face_886.png,3024,4032
face,1403,1375,458,761,face_887.png,3024,4032
face,1397,1240,422,625,face_888.png,3024,4032
face,1377,1479,552,797,face_889.png,3024,4032
face,2007,2920,1120,1442,face_89.png,4248,5664
face,1382,1407,505,646,face_890.png,3024,4032
face,885,1065,762,870,face_891.png,2320,3088
face,685,997,838,965,face_892.png,2320,3088
face,1387,1287,469,870,face_893.png,3024,4032
face,1314,1547,531,719,face_894.png,3024,4032
face,1074,1391,526,693,face_895.png,3024,4032
face,606,1193,870,1193,face_896.png,3024,4032
face,1272,1141,453,854,face_897.png,3024,4032
face,1455,1255,323,667,face_898.png,3024,4032
face,1225,1115,688,1240,face_899.png,3024,4032
face,512,902,1129,1173,face_9.png,2316,3088
face,1407,2942,1764,2122,face_90.png,4248,5664
face,1288,448,333,396,face_900.png,3024,4032
face,1257,1625,620,745,face_901.png,3024,4032
face,1392,1615,521,771,face_902.png,3024,4032
face,939,1188,563,953,face_903.png,3024,4032
face,1022,1146,761,849,face_904.png,3024,4032
face,897,354,985,1318,face_905.png,3024,4032
face,1413,1281,604,969,face_906.png,3024,4032
face,1017,1073,719,901,face_907.png,3024,4032
face,1252,1417,432,568,face_908.png,3024,4032
face,1205,1396,630,807,face_909.png,3024,4032
face,1062,1157,1073,1297,face_91.png,2316,3088
face,1106,886,490,974,face_910.png,3024,4032
face,741,531,918,1057,face_911.png,2320,3088
face,869,834,930,1093,face_912.png,2320,3088
face,1413,677,552,943,face_913.png,3024,4032
face,1804,1375,542,750,face_914.png,3024,4032
face,1606,1479,667,745,face_915.png,3024,4032
face,1043,1495,594,698,face_916.png,3024,4032
face,1283,1735,333,500,face_917.png,3024,4032
face,1257,1125,651,964,face_918.png,3024,4032
face,1085,1500,422,672,face_919.png,3024,4032
face,843,1049,910,1153,face_92.png,2316,3088
face,1293,1459,526,896,face_920.png,3024,4032
face,1330,740,333,412,face_921.png,3024,4032
face,975,1193,495,886,face_922.png,3024,4032
face,1028,651,375,781,face_923.png,3024,4032
face,1465,1198,365,625,face_924.png,3024,4032
face,949,1323,651,854,face_925.png,3024,4032
face,1054,1167,609,849,face_926.png,3024,4032
face,1022,974,771,1115,face_927.png,3024,4032
face,720,1110,526,891,face_928.png,3024,4032
face,1124,1572,778,1009,face_929.png,2320,3088
face,803,1277,882,962,face_93.png,2316,3088
face,382,1345,778,922,face_930.png,2320,3088
face,1314,401,599,1078,face_931.png,3024,4032
face,1330,1115,646,1063,face_932.png,3024,4032
face,1147,1407,464,646,face_933.png,3024,4032
face,856,1115,755,1026,face_934.png,3024,4032
face,1215,1120,547,839,face_935.png,3024,4032
face,1314,1344,443,677,face_936.png,3024,4032
face,1496,1443,344,604,face_937.png,3024,4032
face,944,1391,703,896,face_938.png,3024,4032
face,1163,1281,333,511,face_939.png,3024,4032
face,1014,1249,1045,1189,face_94.png,2316,3088
face,1257,1417,401,568,face_940.png,3024,4032
face,1272,828,401,792,face_941.png,3024,4032
face,1205,1125,646,1099,face_942.png,3024,4032
face,1267,1287,578,938,face_943.png,3024,4032
face,1278,1407,615,964,face_944.png,3024,4032
face,1054,1438,604,875,face_945.png,3024,4032
face,710,969,662,1214,face_946.png,3024,4032
face,785,786,810,1169,face_947.png,2320,3088
face,725,730,838,1149,face_948.png,2320,3088
face,1189,1031,609,1172,face_949.png,3024,4032
face,1318,1165,902,1273,face_95.png,2316,3088
face,1127,1068,448,682,face_950.png,3024,4032
face,1147,1250,604,755,face_951.png,3024,4032
face,1116,1511,443,656,face_952.png,3024,4032
face,1158,1693,292,651,face_953.png,3024,4032
face,970,1688,333,1287,face_954.png,3024,4032
face,1298,1297,245,516,face_955.png,3024,4032
face,1434,1427,458,662,face_956.png,3024,4032
face,986,1834,625,677,face_957.png,3024,4032
face,965,1776,521,792,face_958.png,3024,4032
face,1225,1188,328,729,face_959.png,3024,4032
face,1094,1325,870,1065,face_96.png,2316,3088
face,1595,1464,240,636,face_960.png,3024,4032
face,1512,1547,500,781,face_961.png,3024,4032
face,1142,1407,589,693,face_962.png,3024,4032
face,1085,1599,573,688,face_963.png,3024,4032
face,1231,1219,333,703,face_964.png,3024,4032
face,801,822,750,842,face_965.png,2320,3088
face,805,1013,734,850,face_966.png,2320,3088
face,1496,901,266,828,face_967.png,3024,4032
face,1298,1229,401,615,face_968.png,3024,4032
face,1496,1209,646,953,face_969.png,3024,4032
face,1074,1061,993,1293,face_97.png,2316,3088
face,975,1287,875,1011,face_970.png,3024,4032
face,975,1261,615,932,face_971.png,3024,4032
face,1486,833,266,594,face_972.png,3024,4032
face,1220,1412,609,1167,face_973.png,3024,4032
face,1127,1188,511,604,face_974.png,3024,4032
face,1413,735,313,448,face_975.png,3024,4032
face,1111,964,432,636,face_976.png,3024,4032
face,1173,464,354,453,face_977.png,3024,4032
face,934,1313,511,891,face_978.png,3024,4032
face,762,1026,401,865,face_979.png,3024,4032
face,835,1121,965,1193,face_98.png,2316,3088
face,1387,1104,375,636,face_980.png,3024,4032
face,970,1724,547,672,face_981.png,3024,4032
face,944,1183,677,938,face_982.png,3024,4032
face,705,1266,578,735,face_983.png,3024,4032
face,944,985,646,781,face_984.png,3024,4032
face,757,1005,438,813,face_985.png,3024,4032
face,777,1097,886,958,face_986.png,2320,3088
face,729,854,886,977,face_987.png,2320,3088
face,1632,1183,318,547,face_988.png,3024,4032
face,1476,953,573,943,face_989.png,3024,4032
face,879,1205,1113,1341,face_99.png,2316,3088
face,1210,1240,505,714,face_990.png,3024,4032
face,975,1276,636,708,face_991.png,3024,4032
face,1137,2021,365,474,face_992.png,3024,4032
face,1366,1031,396,860,face_993.png,3024,4032
face,1512,1177,474,990,face_994.png,3024,4032
face,1205,1266,677,854,face_995.png,3024,4032
face,1153,1401,443,604,face_996.png,3024,4032
face,1028,1099,406,531,face_997.png,3024,4032
face,1210,813,412,583,face_998.png,3024,4032
face,1225,1490,479,604,face_999.png,3024,4032